﻿<?xml version="1.0" encoding="utf-8"?><esquema>	<topo></topo>	<fundo></fundo>	<topico></topico>    	<item delay="5">		<btn link="photos/01.jpg" cor="0x99cc00"></btn>        <foto link ="photos/01.jpg" posH="esquerdo"/>-->		<texto><![CDATA[<TEXTFORMAT LEADING="2"><P ALIGN="JUSTIFY"><FONT FACE="Calibri" SIZE="17" COLOR="#333333" LETTERSPACING="0" KERNING="0"><B>Perigo</B></FONT></P></TEXTFORMAT><TEXTFORMAT LEFTMARGIN="-10" LEADING="2"><LI><FONT FACE="Calibri" SIZE="17" COLOR="#333333" LETTERSPACING="0" KERNING="0">Movimentação de mercadoria perigosa.</FONT></LI></TEXTFORMAT><TEXTFORMAT LEADING="2"><P ALIGN="JUSTIFY"><FONT FACE="Calibri" SIZE="17" COLOR="#333333" LETTERSPACING="0" KERNING="0"></FONT></P></TEXTFORMAT><TEXTFORMAT LEADING="2"><P ALIGN="JUSTIFY"><FONT FACE="Calibri" SIZE="17" COLOR="#333333" LETTERSPACING="0" KERNING="0"><B>Risco</B></FONT></P></TEXTFORMAT><TEXTFORMAT LEFTMARGIN="-10" LEADING="2"><LI><FONT FACE="Calibri" SIZE="17" COLOR="#333333" LETTERSPACING="0" KERNING="0">Contaminação dos colaboradores em contacto com substâncias perigosas.</FONT></LI></TEXTFORMAT><TEXTFORMAT LEADING="2"><P ALIGN="JUSTIFY"><FONT FACE="Calibri" SIZE="17" COLOR="#333333" LETTERSPACING="0" KERNING="0"></FONT></P></TEXTFORMAT><TEXTFORMAT LEADING="2"><P ALIGN="JUSTIFY"><FONT FACE="Calibri" SIZE="17" COLOR="#333333" LETTERSPACING="0" KERNING="0"><B>Medidas Preventivas</B></FONT></P></TEXTFORMAT><TEXTFORMAT LEFTMARGIN="-10" LEADING="2"><LI><FONT FACE="Calibri" SIZE="17" COLOR="#333333" LETTERSPACING="0" KERNING="0">Ações de sensibilização sobre movimentação de mercadorias perigosas.</FONT></LI></TEXTFORMAT>]]></texto>	</item >        <item delay="5">		<btn link="photos/02.jpg" cor="0xff9900"></btn>        <foto link ="photos/02.jpg" posH="esquerdo"/>		<texto><![CDATA[<TEXTFORMAT LEADING="2"><P ALIGN="JUSTIFY"><FONT FACE="Calibri" SIZE="17" COLOR="#333333" LETTERSPACING="0" KERNING="0"><B>Perigo</B></FONT></P></TEXTFORMAT><TEXTFORMAT LEFTMARGIN="-10" LEADING="2"><LI><FONT FACE="Calibri" SIZE="17" COLOR="#333333" LETTERSPACING="0" KERNING="0">Circulação de viaturas com motores de combustão dentro das instalações (ex: empilhadores e tratores).</FONT></LI></TEXTFORMAT><TEXTFORMAT LEADING="2"><P ALIGN="JUSTIFY"><FONT FACE="Calibri" SIZE="17" COLOR="#333333" LETTERSPACING="0" KERNING="0"></FONT></P></TEXTFORMAT><TEXTFORMAT LEADING="2"><P ALIGN="JUSTIFY"><FONT FACE="Calibri" SIZE="17" COLOR="#333333" LETTERSPACING="0" KERNING="0"><B>Risco</B></FONT></P></TEXTFORMAT><TEXTFORMAT LEFTMARGIN="-10" LEADING="2"><LI><FONT FACE="Calibri" SIZE="17" COLOR="#333333" LETTERSPACING="0" KERNING="0">Exposição a gases de escape.</FONT></LI></TEXTFORMAT><TEXTFORMAT LEADING="2"><P ALIGN="JUSTIFY"><FONT FACE="Calibri" SIZE="17" COLOR="#333333" LETTERSPACING="0" KERNING="0"></FONT></P></TEXTFORMAT><TEXTFORMAT LEADING="2"><P ALIGN="JUSTIFY"><FONT FACE="Calibri" SIZE="17" COLOR="#333333" LETTERSPACING="0" KERNING="0"><B>Medidas Preventivas</B></FONT></P></TEXTFORMAT><TEXTFORMAT LEFTMARGIN="-10" LEADING="2"><LI><FONT FACE="Calibri" SIZE="17" COLOR="#333333" LETTERSPACING="0" KERNING="0">Substituição das viaturas com motores de combustão por viaturas elétricas.</FONT></LI></TEXTFORMAT><TEXTFORMAT LEADING="2"><P ALIGN="JUSTIFY"><FONT FACE="Calibri" SIZE="17" COLOR="#333333" LETTERSPACING="0" KERNING="0"></FONT></P></TEXTFORMAT>]]></texto>	</item>	    <item delay="5">		<btn link="photos/03.jpg" cor="0x0099ff"></btn>        <foto link ="photos/03.jpg" posH="esquerdo" />		<texto><![CDATA[<TEXTFORMAT LEADING="2"><P ALIGN="JUSTIFY"><FONT FACE="Calibri" SIZE="17" COLOR="#333333" LETTERSPACING="0" KERNING="0"><B>Perigo</B></FONT></P></TEXTFORMAT><TEXTFORMAT LEFTMARGIN="-10" LEADING="2"><LI><FONT FACE="Calibri" SIZE="17" COLOR="#333333" LETTERSPACING="0" KERNING="0">Exposição ao ruído provocado pelos aviões e pelos equipamentos de movimentação de cargas. </FONT></LI></TEXTFORMAT><TEXTFORMAT LEADING="2"><P ALIGN="JUSTIFY"><FONT FACE="Calibri" SIZE="17" COLOR="#333333" LETTERSPACING="0" KERNING="0"></FONT></P></TEXTFORMAT><TEXTFORMAT LEADING="2"><P ALIGN="JUSTIFY"><FONT FACE="Calibri" SIZE="17" COLOR="#333333" LETTERSPACING="0" KERNING="0"><B>Risco</B></FONT></P></TEXTFORMAT><TEXTFORMAT LEFTMARGIN="-10" LEADING="2"><LI><FONT FACE="Calibri" SIZE="17" COLOR="#333333" LETTERSPACING="0" KERNING="0">Surdez profissional;</FONT></LI></TEXTFORMAT><TEXTFORMAT LEFTMARGIN="-10" LEADING="2"><LI><FONT FACE="Calibri" SIZE="17" COLOR="#333333" LETTERSPACING="0" KERNING="0">Diminuição temporária do nível de audição.</FONT></LI></TEXTFORMAT><TEXTFORMAT LEADING="2"><P ALIGN="JUSTIFY"><FONT FACE="Calibri" SIZE="17" COLOR="#333333" LETTERSPACING="0" KERNING="0"></FONT></P></TEXTFORMAT><TEXTFORMAT LEADING="2"><P ALIGN="JUSTIFY"><FONT FACE="Calibri" SIZE="17" COLOR="#333333" LETTERSPACING="0" KERNING="0"><B>Medidas Preventivas </B></FONT></P></TEXTFORMAT><TEXTFORMAT LEFTMARGIN="-10" LEADING="2"><LI><FONT FACE="Calibri" SIZE="17" COLOR="#333333" LETTERSPACING="0" KERNING="0">Ações de sensibilização sobre exposição e respetivas medidas preventivas;</FONT></LI></TEXTFORMAT><TEXTFORMAT LEFTMARGIN="-10" LEADING="2"><LI><FONT FACE="Calibri" SIZE="17" COLOR="#333333" LETTERSPACING="0" KERNING="0">Utilização dos Equipamentos de Proteção Individuais (EPI).</FONT></LI></TEXTFORMAT><TEXTFORMAT LEFTMARGIN="-10" LEADING="2"><LI><FONT FACE="Calibri" SIZE="17" COLOR="#333333" LETTERSPACING="0" KERNING="0"></FONT></LI></TEXTFORMAT>]]></texto>	</item>        <item delay="5">		<btn link="photos/04.jpg" cor="0x6666ff"></btn>        <foto link ="photos/04.jpg" posH="esquerdo" />		<texto><![CDATA[<TEXTFORMAT LEADING="2"><P ALIGN="JUSTIFY"><FONT FACE="Calibri" SIZE="17" COLOR="#333333" LETTERSPACING="0" KERNING="0"><B>Perigo</B></FONT></P></TEXTFORMAT><TEXTFORMAT LEFTMARGIN="-10" LEADING="2"><LI><FONT FACE="Calibri" SIZE="17" COLOR="#333333" LETTERSPACING="0" KERNING="0">Movimentação mecânica ou manual de cargas.</FONT></LI></TEXTFORMAT><TEXTFORMAT LEADING="2"><P ALIGN="JUSTIFY"><FONT FACE="Calibri" SIZE="17" COLOR="#333333" LETTERSPACING="0" KERNING="0"></FONT></P></TEXTFORMAT><TEXTFORMAT LEADING="2"><P ALIGN="JUSTIFY"><FONT FACE="Calibri" SIZE="17" COLOR="#333333" LETTERSPACING="0" KERNING="0"><B>Risco</B></FONT></P></TEXTFORMAT><TEXTFORMAT LEFTMARGIN="-10" LEADING="2"><LI><FONT FACE="Calibri" SIZE="17" COLOR="#333333" LETTERSPACING="0" KERNING="0">Esmagamento  das mãos;</FONT></LI></TEXTFORMAT><TEXTFORMAT LEFTMARGIN="-10" LEADING="2"><LI><FONT FACE="Calibri" SIZE="17" COLOR="#333333" LETTERSPACING="0" KERNING="0">Queda de mercadorias sobre o colaborador;</FONT></LI></TEXTFORMAT><TEXTFORMAT LEFTMARGIN="-10" LEADING="2"><LI><FONT FACE="Calibri" SIZE="17" COLOR="#333333" LETTERSPACING="0" KERNING="0">Carga física e posturas incorretas;</FONT></LI></TEXTFORMAT><TEXTFORMAT LEFTMARGIN="-10" LEADING="2"><LI><FONT FACE="Calibri" SIZE="17" COLOR="#333333" LETTERSPACING="0" KERNING="0">Esmagamento entre a mercadoria e o empilhador;</FONT></LI></TEXTFORMAT><TEXTFORMAT LEFTMARGIN="-10" LEADING="2"><LI><FONT FACE="Calibri" SIZE="17" COLOR="#333333" LETTERSPACING="0" KERNING="0">Capotagem do empilhador.</FONT></LI></TEXTFORMAT><TEXTFORMAT LEADING="2"><P ALIGN="JUSTIFY"><FONT FACE="Calibri" SIZE="17" COLOR="#333333" LETTERSPACING="0" KERNING="0"></FONT></P></TEXTFORMAT><TEXTFORMAT LEADING="2"><P ALIGN="JUSTIFY"><FONT FACE="Calibri" SIZE="17" COLOR="#333333" LETTERSPACING="0" KERNING="0"><B>Medidas Preventivas </B></FONT></P></TEXTFORMAT><TEXTFORMAT LEFTMARGIN="-10" LEADING="2"><LI><FONT FACE="Calibri" SIZE="17" COLOR="#333333" LETTERSPACING="0" KERNING="0">Ações de sensibilização sobre movimentação manual  e mecânica das cargas;</FONT></LI></TEXTFORMAT><TEXTFORMAT LEFTMARGIN="-10" LEADING="2"><LI><FONT FACE="Calibri" SIZE="17" COLOR="#333333" LETTERSPACING="0" KERNING="0">Utilização dos EPI definidos para cada função;</FONT></LI></TEXTFORMAT><TEXTFORMAT LEFTMARGIN="-10" LEADING="2"><LI><FONT FACE="Calibri" SIZE="17" COLOR="#333333" LETTERSPACING="0" KERNING="0">Formação profissional aos  operadores  de viaturas e máquinas.</FONT></LI></TEXTFORMAT>]]></texto>	</item>			 <item delay="5">		<btn link="photos/05.jpg" cor="0x6666ff"></btn>        <foto link ="photos/05.jpg" posH="esquerdo" />		<texto><![CDATA[<TEXTFORMAT LEADING="2"><P ALIGN="JUSTIFY"><FONT FACE="Calibri" SIZE="17" COLOR="#333333" LETTERSPACING="0" KERNING="0"><B>Perigo</B></FONT></P></TEXTFORMAT><TEXTFORMAT LEFTMARGIN="-10" LEADING="2"><LI><FONT FACE="Calibri" SIZE="17" COLOR="#333333" LETTERSPACING="0" KERNING="0">Condições meteorológicas extremas típicas de cada estação do ano.</FONT></LI></TEXTFORMAT><TEXTFORMAT LEADING="2"><P ALIGN="JUSTIFY"><FONT FACE="Calibri" SIZE="17" COLOR="#333333" LETTERSPACING="0" KERNING="0"></FONT></P></TEXTFORMAT><TEXTFORMAT LEADING="2"><P ALIGN="JUSTIFY"><FONT FACE="Calibri" SIZE="17" COLOR="#333333" LETTERSPACING="0" KERNING="0"><B>Risco</B></FONT></P></TEXTFORMAT><TEXTFORMAT LEFTMARGIN="-10" LEADING="2"><LI><FONT FACE="Calibri" SIZE="17" COLOR="#333333" LETTERSPACING="0" KERNING="0">Desconforto térmico e doenças devido a temperaturas elevadas ou baixas.</FONT></LI></TEXTFORMAT><TEXTFORMAT LEADING="2"><P ALIGN="JUSTIFY"><FONT FACE="Calibri" SIZE="17" COLOR="#333333" LETTERSPACING="0" KERNING="0"></FONT></P></TEXTFORMAT><TEXTFORMAT LEADING="2"><P ALIGN="JUSTIFY"><FONT FACE="Calibri" SIZE="17" COLOR="#333333" LETTERSPACING="0" KERNING="0"><B>Medidas preventivas</B></FONT></P></TEXTFORMAT><TEXTFORMAT LEFTMARGIN="-10" LEADING="2"><LI><FONT FACE="Calibri" SIZE="17" COLOR="#333333" LETTERSPACING="0" KERNING="0">Instalação de sistema de refrescamento do local;</FONT></LI></TEXTFORMAT><TEXTFORMAT LEFTMARGIN="-10" LEADING="2"><LI><FONT FACE="Calibri" SIZE="17" COLOR="#333333" LETTERSPACING="0" KERNING="0">Instalação de sistema de proteção contra correntes de ar (se existentes);</FONT></LI></TEXTFORMAT><TEXTFORMAT LEFTMARGIN="-10" LEADING="2"><LI><FONT FACE="Calibri" SIZE="17" COLOR="#333333" LETTERSPACING="0" KERNING="0">Utilização de Equipamentos de Proteção Individual para o frio.</FONT></LI></TEXTFORMAT>]]></texto>	</item>		<item delay="5">		<btn link="photos/06.jpg" cor="0x6666ff"></btn>        <foto link ="photos/06.jpg" posH="esquerdo" />		<texto><![CDATA[<TEXTFORMAT LEADING="2"><P ALIGN="JUSTIFY"><FONT FACE="Calibri" SIZE="17" COLOR="#333333" LETTERSPACING="0" KERNING="0"><B>Perigo</B></FONT></P></TEXTFORMAT><TEXTFORMAT LEFTMARGIN="-10" LEADING="2"><LI><FONT FACE="Calibri" SIZE="17" COLOR="#333333" LETTERSPACING="0" KERNING="0">Circulação de viaturas dentro dos terminais e na placa.</FONT></LI></TEXTFORMAT><TEXTFORMAT LEADING="2"><P ALIGN="JUSTIFY"><FONT FACE="Calibri" SIZE="17" COLOR="#333333" LETTERSPACING="0" KERNING="0"></FONT></P></TEXTFORMAT><TEXTFORMAT LEADING="2"><P ALIGN="JUSTIFY"><FONT FACE="Calibri" SIZE="17" COLOR="#333333" LETTERSPACING="0" KERNING="0"><B>Risco</B></FONT></P></TEXTFORMAT><TEXTFORMAT LEFTMARGIN="-10" LEADING="2"><LI><FONT FACE="Calibri" SIZE="17" COLOR="#333333" LETTERSPACING="0" KERNING="0">Atropelamento. </FONT></LI></TEXTFORMAT><TEXTFORMAT LEADING="2"><P ALIGN="JUSTIFY"><FONT FACE="Calibri" SIZE="17" COLOR="#333333" LETTERSPACING="0" KERNING="0"></FONT></P></TEXTFORMAT><TEXTFORMAT LEADING="2"><P ALIGN="JUSTIFY"><FONT FACE="Calibri" SIZE="17" COLOR="#333333" LETTERSPACING="0" KERNING="0"><B>Medidas Preventivas</B></FONT></P></TEXTFORMAT><TEXTFORMAT LEFTMARGIN="-10" LEADING="2"><LI><FONT FACE="Calibri" SIZE="17" COLOR="#333333" LETTERSPACING="0" KERNING="0">Sinalização no pavimento dos caminhos de circulação de pessoas e viaturas;</FONT></LI></TEXTFORMAT><TEXTFORMAT LEFTMARGIN="-10" LEADING="2"><LI><FONT FACE="Calibri" SIZE="17" COLOR="#333333" LETTERSPACING="0" KERNING="0">Formação dos condutores dos veículos.</FONT></LI></TEXTFORMAT><TEXTFORMAT LEFTMARGIN="-10" LEADING="2"><LI><FONT FACE="Calibri" SIZE="17" COLOR="#333333" LETTERSPACING="0" KERNING="0"></FONT></LI></TEXTFORMAT>]]></texto>	</item>		<rodape></rodape></esquema>