<?xml version="1.0" encoding="utf-8"?>
<ro delay="5">

	<!-- foto: posicao="esq", "dir", "cima" ou "baixo" / moldura="sim" ou "" / texto_expandido="sim" ou "" -->
	<foto moldura="sim" pos_x="90" pos_y="21">imagens/Image1.png</foto> <!-- foto opcional, deste modo aparece apenas o texto -->

	<texto_left></texto_left>

	<texto_right><![CDATA[<TEXTFORMAT LEADING="2"><P ALIGN="JUSTIFY"><FONT FACE="Calibri" SIZE="17" COLOR="#333333" LETTERSPACING="0" KERNING="0"><br><br><br>Comportamentos que deve adotar no local de trabalho:</FONT></P></TEXTFORMAT><TEXTFORMAT LEFTMARGIN="-10" LEADING="2"><LI><FONT FACE="Calibri" SIZE="17" COLOR="#333333" LETTERSPACING="0" KERNING="0"></FONT></LI></TEXTFORMAT><TEXTFORMAT LEFTMARGIN="-10" LEADING="2"><LI><FONT FACE="Calibri" SIZE="17" COLOR="#333333" LETTERSPACING="0" KERNING="0">Evitar fatores de comportamento humano que prejudiquem o desempenho;</FONT></LI></TEXTFORMAT><TEXTFORMAT LEFTMARGIN="-10" LEADING="2"><LI><FONT FACE="Calibri" SIZE="17" COLOR="#333333" LETTERSPACING="0" KERNING="0">Precaver o aparecimento de stress;</FONT></LI></TEXTFORMAT><TEXTFORMAT LEFTMARGIN="-10" LEADING="2"><LI><FONT FACE="Calibri" SIZE="17" COLOR="#333333" LETTERSPACING="0" KERNING="0">Minimizar o erro humano;</FONT></LI></TEXTFORMAT><TEXTFORMAT LEFTMARGIN="-10" LEADING="2"><LI><FONT FACE="Calibri" SIZE="17" COLOR="#333333" LETTERSPACING="0" KERNING="0">Utilizar equipamentos de Proteção Individual e Coletiva.</FONT></LI></TEXTFORMAT><TEXTFORMAT LEFTMARGIN="-10" LEADING="2"><LI><FONT FACE="Calibri" SIZE="17" COLOR="#333333" LETTERSPACING="0" KERNING="0"></FONT></LI></TEXTFORMAT><TEXTFORMAT LEFTMARGIN="-10" LEADING="2"><LI><FONT FACE="Calibri" SIZE="17" COLOR="#333333" LETTERSPACING="0" KERNING="0"></FONT></LI></TEXTFORMAT>]]></texto_right>

</ro>