<?xml version="1.0" encoding="utf-8"?>
<ro>

	<titulo><![CDATA[<TEXTFORMAT LEADING="2"><P ALIGN="JUSTIFY"><FONT FACE="Calibri" SIZE="17" COLOR="#333333" LETTERSPACING="0" KERNING="0"><b>A Comunicação com o cliente.</b></FONT></P></TEXTFORMAT>]]></titulo>

	<item delay="5">
		<foto>imagens/Image1.jpg</foto>
		<texto><![CDATA[<TEXTFORMAT LEADING="2"><P ALIGN="JUSTIFY"><FONT FACE="Calibri" SIZE="17" COLOR="#333333" LETTERSPACING="0" KERNING="0"><br><B>Cliente Interno:  </B></FONT></P></TEXTFORMAT><TEXTFORMAT LEADING="2"><P ALIGN="JUSTIFY"><FONT FACE="Calibri" SIZE="17" COLOR="#333333" LETTERSPACING="0" KERNING="0">                                      </FONT></P></TEXTFORMAT><TEXTFORMAT LEFTMARGIN="-10" LEADING="2"><LI><FONT FACE="Calibri" SIZE="17" COLOR="#333333" LETTERSPACING="0" KERNING="0">Eficiente/deficiente; </FONT></LI></TEXTFORMAT><TEXTFORMAT LEFTMARGIN="-10" LEADING="2"><LI><FONT FACE="Calibri" SIZE="17" COLOR="#333333" LETTERSPACING="0" KERNING="0">Formal/informal;</FONT></LI></TEXTFORMAT><TEXTFORMAT LEFTMARGIN="-10" LEADING="2"><LI><FONT FACE="Calibri" SIZE="17" COLOR="#333333" LETTERSPACING="0" KERNING="0">Escrita/oral.                    </FONT></LI></TEXTFORMAT>]]></texto>
	</item>

	<item delay="5">
		<foto>imagens/Image2.jpg</foto>
		<texto><![CDATA[<TEXTFORMAT LEADING="2"><P ALIGN="JUSTIFY"><FONT FACE="Calibri" SIZE="17" COLOR="#333333" LETTERSPACING="0" KERNING="0"><br><B>Comunicação deficiente ou nula tem efeito negativo:</B></FONT></P></TEXTFORMAT><TEXTFORMAT LEFTMARGIN="-10" LEADING="2"><LI><FONT FACE="Calibri" SIZE="17" COLOR="#333333" LETTERSPACING="0" KERNING="0"></FONT></LI></TEXTFORMAT><TEXTFORMAT LEFTMARGIN="-10" LEADING="2"><LI><FONT FACE="Calibri" SIZE="17" COLOR="#333333" LETTERSPACING="0" KERNING="0">No desempenho do indivíduo e do grupo;</FONT></LI></TEXTFORMAT><TEXTFORMAT LEFTMARGIN="-10" LEADING="2"><LI><FONT FACE="Calibri" SIZE="17" COLOR="#333333" LETTERSPACING="0" KERNING="0">Na segurança da operação;</FONT></LI></TEXTFORMAT><TEXTFORMAT LEFTMARGIN="-10" LEADING="2"><LI><FONT FACE="Calibri" SIZE="17" COLOR="#333333" LETTERSPACING="0" KERNING="0">Na performance da empresa.</FONT></LI></TEXTFORMAT>]]></texto>
	</item>

	<item delay="5">
		<foto>imagens/Image3.jpg</foto>
		<texto><![CDATA[<TEXTFORMAT LEADING="2"><P ALIGN="JUSTIFY"><FONT FACE="Calibri" SIZE="17" COLOR="#333333" LETTERSPACING="0" KERNING="0"><br><B>Cliente Externo:</B></FONT></P></TEXTFORMAT><TEXTFORMAT LEADING="2"><P ALIGN="JUSTIFY"><FONT FACE="Calibri" SIZE="17" COLOR="#333333" LETTERSPACING="0" KERNING="0"></FONT></P></TEXTFORMAT><TEXTFORMAT LEFTMARGIN="-10" LEADING="2"><LI><FONT FACE="Calibri" SIZE="17" COLOR="#333333" LETTERSPACING="0" KERNING="0">Clareza;</FONT></LI></TEXTFORMAT><TEXTFORMAT LEFTMARGIN="-10" LEADING="2"><LI><FONT FACE="Calibri" SIZE="17" COLOR="#333333" LETTERSPACING="0" KERNING="0">Formal/informal;</FONT></LI></TEXTFORMAT><TEXTFORMAT LEFTMARGIN="-10" LEADING="2"><LI><FONT FACE="Calibri" SIZE="17" COLOR="#333333" LETTERSPACING="0" KERNING="0">Escrita/oral.</FONT></LI></TEXTFORMAT>]]></texto>
	</item>
	
	<item delay="5">
		<foto>imagens/Image4.jpg</foto>
		<texto><![CDATA[<TEXTFORMAT LEADING="2"><P ALIGN="JUSTIFY"><FONT FACE="Calibri" SIZE="17" COLOR="#333333" LETTERSPACING="0" KERNING="0"><br><B>Comunicação deficiente ou nula com o exterior pode gerar:</B></FONT></P></TEXTFORMAT><TEXTFORMAT LEFTMARGIN="-10" LEADING="2"><LI><FONT FACE="Calibri" SIZE="17" COLOR="#333333" LETTERSPACING="0" KERNING="0"></FONT></LI></TEXTFORMAT><TEXTFORMAT LEFTMARGIN="-10" LEADING="2"><LI><FONT FACE="Calibri" SIZE="17" COLOR="#333333" LETTERSPACING="0" KERNING="0">Efeitos negativos na imagem/performance da empresa;</FONT></LI></TEXTFORMAT><TEXTFORMAT LEFTMARGIN="-10" LEADING="2"><LI><FONT FACE="Calibri" SIZE="17" COLOR="#333333" LETTERSPACING="0" KERNING="0">Efeitos nocivos na segurança da operação;</FONT></LI></TEXTFORMAT><TEXTFORMAT LEFTMARGIN="-10" LEADING="2"><LI><FONT FACE="Calibri" SIZE="17" COLOR="#333333" LETTERSPACING="0" KERNING="0">Conflitos com os clientes.</FONT></LI></TEXTFORMAT>]]></texto>
	</item>
	

	

</ro>