<?xml version="1.0" encoding="utf-8" ?>
<tabuleiro type="isometrico" avaliacao="nao">
	<row>
		<tile number="" type="" />
		<tile number="" type="" />
		<tile number="" type="" />
		<tile number="" type="" />
		<tile number="" type="" />
		<tile number="" type="" />
		<tile number="" type="" />
		<tile number="" type="" />
		<tile number="" type="" />
		<tile number="" type="" />
		<tile number="" type="" />
		<tile number="" type="" />
		<tile number="" type="" />
		<tile number="17" type="1" />
		<tile number="16" type="2" />
		<tile number="15" type="1" />
	</row>
	<row>
		<tile number="" type="" />
		<tile number="" type="" />
		<tile number="" type="" />
		<tile number="" type="" />
		<tile number="" type="" />
		<tile number="" type="" />
		<tile number="" type="" />
		<tile number="" type="" />
		<tile number="" type="" />
		<tile number="" type="" />
		<tile number="" type="" />
		<tile number="" type="" />
		<tile number="" type="" />
		<tile number="18" type="2" />
		<tile number="" type="" />
		<tile number="14" type="2" />
	</row>
	<row>
		<!--<tile number="32" type="2" />
		<tile number="31" type="1" />-->
		<tile number="" type="" />
		<tile number="" type="" />
		<tile number="" type="" />
		<tile number="" type="" />
		<tile number="" type="" />
		<tile number="" type="" />
		<tile number="" type="" />
		<tile number="" type="" />
		<tile number="24" type="2" />
		<tile number="23" type="1" />
		<tile number="22" type="2" />
		<tile number="21" type="1" />
		<tile number="20" type="2" />
		<tile number="19" type="1" />
		<tile number="" type="" />
		<tile number="13" type="1" />
	</row>
	<row>
		<tile number="" type="" />
		<tile number="" type="" />
		<tile number="" type="" />
		<tile number="" type="" />
		<tile number="" type="" />
		<tile number="" type="" />
		<tile number="" type="" />
		<tile number="" type="" />
		<tile number="" type="" />
		<tile number="" type="" />
		<tile number="" type="" />
		<tile number="" type="" />
		<tile number="" type="" />
		<tile number="" type="" />
		<tile number="" type="" />
		<tile number="12" type="2" />
	</row>
	<row>
		<tile number="" type="" />
		<tile number="" type="" />
		<tile number="" type="" />
		<tile number="" type="" />
		<tile number="" type="" />
		<tile number="" type="" />
		<tile number="" type="" />
		<tile number="" type="" />
		<tile number="" type="" />
		<tile number="" type="" />
		<tile number="" type="" />
		<tile number="" type="" />
		<tile number="" type="" />
		<tile number="" type="" />
		<tile number="" type="" />
		<tile number="11" type="1" />
	</row>
	<row>
		<tile number="" type="" />
		<tile number="" type="" />
		<tile number="" type="" />
		<tile number="" type="" />
		<tile number="" type="" />
		<tile number="" type="0" />
		<tile number="1" type="1" />
		<tile number="2" type="2" />
		<tile number="3" type="1" />
		<tile number="4" type="2" />
		<tile number="5" type="1" />
		<tile number="6" type="2" />
		<tile number="7" type="1" />
		<tile number="8" type="2" />
		<tile number="9" type="1" />
		<tile number="10" type="2" />
	</row>
</tabuleiro>