﻿<?xml version="1.0" encoding="UTF-8"?><quiz>	<cor>93AC0F</cor>	<!--<cor>ff0000</cor>-->	<lingua>pt</lingua>	<valor>10</valor>	<limite>2</limite>	<nome>DG_RTC</nome>	<notaMinima>80</notaMinima>	<nrPerguntas>10</nrPerguntas>	<item>		<foto></foto>		<question><![CDATA[<B>Classifique a seguinte afirmação como verdadeira ou falsa, selecionando a opção que considera correta.</B><br>A instalação dos equipamentos de proteção coletiva, pela entidade patronal é de observação facultativa.]]></question>		<choice id="0">Verdadeiro</choice>		<choice id="1">Falso</choice>		<feedback></feedback>	</item>	<item>		<foto></foto>		<question><![CDATA[<TEXTFORMAT LEADING="2"><P ALIGN="JUSTIFY"><FONT FACE="Calibri" SIZE="17" COLOR="#333333" LETTERSPACING="0" KERNING="0"><B>Classifique a seguinte afirmação como verdadeira ou falsa, selecionando a opção que considera correta.</B></FONT></P></TEXTFORMAT><TEXTFORMAT LEADING="2"><P ALIGN="JUSTIFY"><FONT FACE="Calibri" SIZE="17" COLOR="#333333" LETTERSPACING="0" KERNING="0">Os sinais existentes nas áreas de circulação das viaturas e aeronaves são facultativos.</FONT></P></TEXTFORMAT>]]></question>		<choice id="0">Verdadeiro</choice>		<choice id="1">Falso</choice>		<feedback></feedback>	</item>	<item>		<foto></foto>		<question><![CDATA[<TEXTFORMAT LEADING="2"><P ALIGN="JUSTIFY"><FONT FACE="Calibri" SIZE="17" COLOR="#333333" LETTERSPACING="0" KERNING="0"><B>Classifique a seguinte afirmação como verdadeira ou falsa, selecionando a opção que considera correta.</B></FONT></P></TEXTFORMAT><TEXTFORMAT LEADING="2"><P ALIGN="JUSTIFY"><FONT FACE="Calibri" SIZE="17" COLOR="#333333" LETTERSPACING="0" KERNING="0">A prevenção dos acidentes tem por finalidade eliminar o erro e consequentemente os riscos profissionais.</FONT></P></TEXTFORMAT>]]></question>		<choice id="1">Verdadeiro</choice>		<choice id="0">Falso</choice>		<feedback></feedback>	</item>	<item>		<foto></foto>		<question><![CDATA[<TEXTFORMAT LEADING="2"><P ALIGN="JUSTIFY"><FONT FACE="Calibri" SIZE="17" COLOR="#333333" LETTERSPACING="0" KERNING="0"><B>Classifique a seguinte afirmação como verdadeira ou falsa, selecionando a opção que considera correta.</B></FONT></P></TEXTFORMAT><TEXTFORMAT LEADING="2"><P ALIGN="JUSTIFY"><FONT FACE="Calibri" SIZE="17" COLOR="#333333" LETTERSPACING="0" KERNING="0">A boa manutenção dos equipamentos de proteção coletiva, diminui o risco de incidentes e acidentes.</FONT></P></TEXTFORMAT>]]></question>		<choice id="1">Verdadeiro</choice>		<choice id="0">Falso</choice>		<feedback></feedback>	</item>	<item>		<foto></foto>		<question><![CDATA[<TEXTFORMAT LEADING="2"><P ALIGN="JUSTIFY"><FONT FACE="Calibri" SIZE="17" COLOR="#333333" LETTERSPACING="0" KERNING="0"><B>Classifique a seguinte afirmação como verdadeira ou falsa, selecionando a opção que considera correta.</B></FONT></P></TEXTFORMAT><TEXTFORMAT LEADING="2"><P ALIGN="JUSTIFY"><FONT FACE="Calibri" SIZE="17" COLOR="#333333" LETTERSPACING="0" KERNING="0">Uma boa comunicação na organização entre áreas envolvidas na operação é fundamental para a segurança das mesmas.</FONT></P></TEXTFORMAT>]]></question>		<choice id="1">Verdadeiro</choice>		<choice id="0">Falso</choice>		<feedback></feedback>	</item>	<item>		<foto></foto>		<question><![CDATA[<TEXTFORMAT LEADING="2"><P ALIGN="JUSTIFY"><FONT FACE="Calibri" SIZE="17" COLOR="#333333" LETTERSPACING="0" KERNING="0"><B>Complete a seguinte frase, selecionando a opção que considera correta.</B></FONT></P></TEXTFORMAT><TEXTFORMAT LEADING="2"><P ALIGN="JUSTIFY"><FONT FACE="Calibri" SIZE="17" COLOR="#333333" LETTERSPACING="0" KERNING="0">A comunicação na Empresa ___________________.</FONT></P></TEXTFORMAT>]]></question>		<choice id="1">não se esgota na comunicação externa</choice>		<choice id="0">só deve ser feita para o exterior</choice>		<choice id="0">deve cumprir com as regras de marketing</choice>		<feedback></feedback>	</item>	<item>		<foto></foto>		<question><![CDATA[<TEXTFORMAT LEADING="2"><P ALIGN="JUSTIFY"><FONT FACE="Calibri" SIZE="17" COLOR="#333333" LETTERSPACING="0" KERNING="0"><B>Complete a seguinte frase, selecionando a opção que considera correta.</B></FONT></P></TEXTFORMAT><TEXTFORMAT LEADING="2"><P ALIGN="JUSTIFY"><FONT FACE="Calibri" SIZE="17" COLOR="#333333" LETTERSPACING="0" KERNING="0">O stress pode potenciar o erro e ___________________.</FONT></P></TEXTFORMAT>]]></question>		<choice id="0">deve ser combatido</choice>		<choice id="1">consequentemente comprometer a segurança</choice>		<choice id="0">faz aumentar a nossa atenção</choice>		<feedback></feedback>	</item>	<item>		<foto></foto>		<question><![CDATA[<TEXTFORMAT LEADING="2"><P ALIGN="JUSTIFY"><FONT FACE="Calibri" SIZE="17" COLOR="#333333" LETTERSPACING="0" KERNING="0"><B>Complete a seguinte frase, selecionando a opção que considera correta.</B></FONT></P></TEXTFORMAT><TEXTFORMAT LEADING="2"><P ALIGN="JUSTIFY"><FONT FACE="Calibri" SIZE="17" COLOR="#333333" LETTERSPACING="0" KERNING="0">A prevenção situa-se ao nível da ___________________.</FONT></P></TEXTFORMAT>]]></question>		<choice id="0">atenção</choice>		<choice id="1">antecipação</choice>		<choice id="0">imaginação</choice>		<feedback></feedback>	</item>	<item>		<foto></foto>		<question><![CDATA[<TEXTFORMAT LEADING="2"><P ALIGN="JUSTIFY"><FONT FACE="Calibri" SIZE="17" COLOR="#333333" LETTERSPACING="0" KERNING="0"><B>Classifique a seguinte afirmação como verdadeira ou falsa, selecionando a opção que considera correta.</B></FONT></P></TEXTFORMAT><TEXTFORMAT LEADING="2"><P ALIGN="JUSTIFY"><FONT FACE="Calibri" SIZE="17" COLOR="#333333" LETTERSPACING="0" KERNING="0">A Fadiga é um risco operacional.</FONT></P></TEXTFORMAT>]]></question>		<choice id="1">Verdadeiro</choice>		<choice id="0">Falso</choice>		<feedback></feedback>	</item>	<item>		<foto></foto>		<question><![CDATA[<TEXTFORMAT LEADING="2"><P ALIGN="JUSTIFY"><FONT FACE="Calibri" SIZE="17" COLOR="#333333" LETTERSPACING="0" KERNING="0"><B>Classifique a seguinte afirmação como verdadeira ou falsa, selecionando a opção que considera correta.</B></FONT></P></TEXTFORMAT><TEXTFORMAT LEADING="2"><P ALIGN="JUSTIFY"><FONT FACE="Calibri" SIZE="17" COLOR="#333333" LETTERSPACING="0" KERNING="0">O Acidente de Trabalho é uma ocorrência que provoca incapacidade.</FONT></P></TEXTFORMAT>]]></question>		<choice id="1">Verdadeiro</choice>		<choice id="0">Falso</choice>		<feedback></feedback>	</item>			</quiz>