﻿<?xml version="1.0" encoding="utf-8"?><glossario>    <item>        <palavra>Descrição 01</palavra>        <definicao><![CDATA[<I>Vestibulum</I> rhoncus nulla vitae nunc porta vitae rutrum tellus ultrices. Integer placerat suscipit suscipit. <B>Aenean</B> sed turpis tortor.]]></definicao>    </item>    <item>        <palavra>Descrição 02</palavra>        <definicao><![CDATA[<B>Aenean</B> sed turpis tortor.]]></definicao>    </item>    <item>        <palavra>Descrição 03</palavra>        <definicao><![CDATA[<B><I><U>Sed</U></I></B> non purus ipsum, nec faucibus nisi.]]></definicao>    </item>    <item>        <palavra>Descrição 04</palavra>        <definicao><![CDATA[Integer placerat suscipit suscipit. <B>Aenean</B> sed turpis tortor.]]></definicao>    </item>    <item>        <palavra>Descrição 05</palavra>        <definicao><![CDATA[<I>Vestibulum</I> rhoncus nulla vitae nunc porta vitae rutrum tellus ultrices. Integer placerat suscipit suscipit. <B>Aenean</B> sed turpis tortor.]]></definicao>    </item>    <item>        <palavra>Descrição 06</palavra>        <definicao><![CDATA[<B>Aenean</B> sed turpis tortor.]]></definicao>    </item>    <item>        <palavra>Descrição 07</palavra>        <definicao><![CDATA[<B><I><U>Sed</U></I></B> non purus ipsum, nec faucibus nisi.]]></definicao>    </item>    <item>        <palavra>Descrição 08</palavra>        <definicao><![CDATA[Integer placerat suscipit suscipit. <B>Aenean</B> sed turpis tortor.]]></definicao>    </item>    <item>        <palavra>Descrição 09</palavra>        <definicao><![CDATA[<I>Vestibulum</I> rhoncus nulla vitae nunc porta vitae rutrum tellus ultrices. Integer placerat suscipit suscipit. <B>Aenean</B> sed turpis tortor.]]></definicao>    </item>    <item>        <palavra>Descrição 10</palavra>        <definicao><![CDATA[<B>Aenean</B> sed turpis tortor.]]></definicao>    </item></glossario>